-- phpMyAdmin SQL Dump
-- version 5.0.4
-- https://www.phpmyadmin.net/
--
-- Host: 127.0.0.1
-- Generation Time: Dec 19, 2021 at 04:20 PM
-- Server version: 10.4.17-MariaDB
-- PHP Version: 7.3.27

SET SQL_MODE = "NO_AUTO_VALUE_ON_ZERO";
START TRANSACTION;
SET time_zone = "+00:00";


/*!40101 SET @OLD_CHARACTER_SET_CLIENT=@@CHARACTER_SET_CLIENT */;
/*!40101 SET @OLD_CHARACTER_SET_RESULTS=@@CHARACTER_SET_RESULTS */;
/*!40101 SET @OLD_COLLATION_CONNECTION=@@COLLATION_CONNECTION */;
/*!40101 SET NAMES utf8mb4 */;

--
-- Database: `kurnia_cake`
--

-- --------------------------------------------------------

--
-- Table structure for table `d_book_order`
--

CREATE TABLE `d_book_order` (
  `id` int(11) NOT NULL,
  `id_header` int(11) NOT NULL,
  `id_kue` int(11) NOT NULL,
  `nama_kue` varchar(255) NOT NULL,
  `qty` int(11) NOT NULL,
  `price` int(11) NOT NULL,
  `subtotal` int(11) NOT NULL
) ENGINE=InnoDB DEFAULT CHARSET=utf8mb4;

--
-- Dumping data for table `d_book_order`
--

INSERT INTO `d_book_order` (`id`, `id_header`, `id_kue`, `nama_kue`, `qty`, `price`, `subtotal`) VALUES
(1, 1, 6, 'Kue Lumpur', 5, 4500, 22500),
(2, 1, 3, 'Bolu Pisang', 3, 3000, 9000),
(5, 8, 1, 'Kue Lemper', 1, 2500, 2500),
(6, 8, 7, 'Nastar', 10, 15000, 150000);

-- --------------------------------------------------------

--
-- Table structure for table `d_invoice`
--

CREATE TABLE `d_invoice` (
  `id` int(11) NOT NULL,
  `id_header` int(11) NOT NULL,
  `id_kue` int(11) NOT NULL,
  `nama_kue` varchar(255) NOT NULL,
  `qty` int(11) NOT NULL,
  `price` int(11) NOT NULL,
  `subtotal` int(11) NOT NULL
) ENGINE=InnoDB DEFAULT CHARSET=utf8mb4;

--
-- Dumping data for table `d_invoice`
--

INSERT INTO `d_invoice` (`id`, `id_header`, `id_kue`, `nama_kue`, `qty`, `price`, `subtotal`) VALUES
(13, 10, 3, 'Bolu Pisang', 2, 6500, 13000),
(14, 11, 6, 'Kue Lumpur', 4, 4500, 18000),
(15, 11, 5, 'Onde-Onde', 1, 5000, 5000),
(16, 12, 1, 'Kue Lemper', 1, 5000, 5000),
(17, 12, 4, 'Dadar Gulung', 1, 3500, 3500),
(18, 12, 7, 'Nastar', 1, 28500, 28500),
(19, 13, 7, 'Nastar', 3, 28500, 85500),
(20, 14, 2, 'Pukis', 2, 5000, 10000),
(21, 15, 3, 'Bolu Pisang', 2, 6500, 13000),
(22, 16, 6, 'Kue Lumpur', 2, 4500, 9000),
(23, 16, 5, 'Onde-Onde', 1, 5000, 5000),
(24, 16, 4, 'Dadar Gulung', 1, 3500, 3500),
(25, 17, 5, 'Onde-Onde', 1, 5000, 5000),
(26, 17, 6, 'Kue Lumpur', 2, 4500, 9000),
(27, 17, 8, 'Putri Salju', 1, 20000, 20000),
(28, 17, 7, 'Nastar', 1, 28500, 28500),
(29, 17, 4, 'Dadar Gulung', 1, 3500, 3500),
(30, 17, 9, 'Kue Semprit', 2, 35000, 70000),
(31, 18, 1, 'Kue Lemper', 2, 5000, 10000),
(32, 19, 4, 'Dadar Gulung', 3, 3500, 10500),
(33, 20, 1, 'Kue Lemper (Lama)', 5, 4000, 20000),
(34, 20, 1, 'Kue Lemper', 5, 5000, 25000),
(35, 21, 1, 'Kue Lemper', 2, 5000, 10000),
(36, 21, 3, 'Bolu Pisang (Lama)', 2, 5200, 10400),
(37, 22, 3, 'Bolu Pisang (Lama)', 10, 5200, 52000),
(38, 22, 1, 'Kue Lemper', 1, 5000, 5000),
(39, 23, 3, 'Bolu Pisang', 2, 6500, 13000),
(40, 25, 3, 'Bolu Pisang', 3, 6500, 19500),
(41, 26, 3, 'Bolu Pisang', 2, 6500, 13000),
(42, 27, 3, 'Bolu Pisang', 2, 6500, 13000),
(43, 28, 3, 'Bolu Pisang', 1, 6500, 6500),
(44, 29, 3, 'Bolu Pisang', 3, 6500, 19500),
(45, 30, 3, 'Bolu Pisang', 1, 6500, 6500),
(46, 31, 3, 'Bolu Pisang', 4, 6500, 26000),
(47, 32, 3, 'Bolu Pisang', 2, 6500, 13000),
(48, 33, 3, 'Bolu Pisang', 4, 6500, 26000),
(49, 34, 3, 'Bolu Pisang', 2, 6500, 13000);

-- --------------------------------------------------------

--
-- Table structure for table `h_book_order`
--

CREATE TABLE `h_book_order` (
  `id` int(11) NOT NULL,
  `id_outlet` int(11) NOT NULL,
  `tanggal` date DEFAULT NULL,
  `grand_total` int(11) NOT NULL,
  `status` int(11) NOT NULL
) ENGINE=InnoDB DEFAULT CHARSET=utf8mb4;

--
-- Dumping data for table `h_book_order`
--

INSERT INTO `h_book_order` (`id`, `id_outlet`, `tanggal`, `grand_total`, `status`) VALUES
(1, 1, '2021-10-05', 0, 1),
(8, 2, '2021-10-11', 152500, 0);

-- --------------------------------------------------------

--
-- Table structure for table `h_invoice`
--

CREATE TABLE `h_invoice` (
  `id` int(11) NOT NULL,
  `id_kasir` int(11) NOT NULL,
  `no_inv` varchar(255) NOT NULL,
  `date` timestamp NOT NULL DEFAULT current_timestamp(),
  `date_delivery` date DEFAULT NULL,
  `email_customer` varchar(255) NOT NULL,
  `discount` double NOT NULL,
  `fee_shipping` int(11) NOT NULL,
  `alamat` varchar(255) DEFAULT NULL,
  `nama_penerima` varchar(255) DEFAULT NULL,
  `grand_total` int(11) NOT NULL,
  `status` int(11) NOT NULL DEFAULT 0
) ENGINE=InnoDB DEFAULT CHARSET=utf8mb4;

--
-- Dumping data for table `h_invoice`
--

INSERT INTO `h_invoice` (`id`, `id_kasir`, `no_inv`, `date`, `date_delivery`, `email_customer`, `discount`, `fee_shipping`, `alamat`, `nama_penerima`, `grand_total`, `status`) VALUES
(10, 2, 'INV30072021031140', '2021-07-30 13:12:45', '0000-00-00', '', 0, 0, '', '', 13000, 1),
(11, 2, 'INV30072021031448', '2021-07-30 13:15:09', '2021-07-31', '', 0, 28300, 'Paccerakang, 90241, Biring Kanaya, Makassar, South Sulawesi, Indonesia', 'Agus', 51300, 0),
(12, 4, 'INV30072021031631', '2021-07-30 13:16:35', '0000-00-00', '', 0, 0, '', '', 37000, 1),
(13, 4, 'INV30072021031751', '2021-07-30 13:18:11', '2021-07-30', '', 0, 15925, 'Tamalanrea, Makassar, South Sulawesi, Indonesia', 'gae', 101425, 0),
(14, 2, 'INV19082021071149', '2021-08-19 17:12:04', '0000-00-00', 'williamsurya48@gmail.com', 0, 0, '', '', 10000, 1),
(15, 2, 'INV19082021074527', '2021-08-19 17:45:37', '0000-00-00', 'williamsurya48@gmail.com', 0, 0, '', '', 13000, 1),
(16, 2, 'INV19082021074754', '2021-08-19 17:48:03', '0000-00-00', 'williamsurya48@gmail.com', 0, 0, '', '', 17500, 1),
(17, 2, 'INV19082021074901', '2021-08-19 17:49:31', '2021-08-19', 'williamsurya48@gmail.com', 0, 10350, 'Bontoala, Makassar, South Sulawesi, Indonesia', 'Agus', 146350, -1),
(18, 2, 'INV22082021082821', '2021-08-22 06:28:27', '0000-00-00', '', 0, 0, '', '', 10000, 1),
(19, 2, 'INV22082021082842', '2021-08-22 06:29:05', '2021-08-24', '', 0, 7300, 'Maccini Parang, 90144, Makassar, Makassar, South Sulawesi, Indonesia', 'Agus', 17800, 0),
(20, 2, 'INV04102021013824', '2021-10-04 11:38:29', '0000-00-00', '', 0, 0, '', '', 45000, 1),
(21, 2, 'INV21102021050941', '2021-10-21 15:09:51', '0000-00-00', '', 0, 0, '', '', 20400, 1),
(22, 2, 'INV21102021051323', '2021-10-21 15:13:39', '0000-00-00', '', 0, 0, '', '', 57000, 1),
(23, 2, 'INV06112021011552', '2021-11-06 12:15:56', '0000-00-00', '', 0, 0, '', '', 13000, 1),
(24, 2, 'INV06112021011552', '2021-11-06 12:19:03', '0000-00-00', '', 0, 0, '', '', 0, 1),
(25, 2, 'INV06112021011938', '2021-11-06 12:19:42', '0000-00-00', '', 0, 0, '', '', 19500, 1),
(26, 2, 'INV06112021012017', '2021-11-06 12:20:20', '0000-00-00', '', 0, 0, '', '', 13000, 1),
(27, 2, 'INV06112021012215', '2021-11-06 12:22:20', '0000-00-00', '', 0, 0, '', '', 13000, 1),
(28, 2, 'INV06112021012534', '2021-11-06 12:25:37', '0000-00-00', '', 0, 0, '', '', 6500, 1),
(29, 2, 'INV06112021012842', '2021-11-06 12:28:50', '0000-00-00', '', 0, 0, '', '', 19500, 1),
(30, 2, 'INV06112021012918', '2021-11-06 12:29:22', '0000-00-00', '', 0, 0, '', '', 6500, 1),
(31, 2, 'INV06112021013110', '2021-11-06 12:31:15', '0000-00-00', '', 0, 0, '', '', 26000, 1),
(32, 2, 'INV06112021013216', '2021-11-06 12:32:21', '0000-00-00', '', 0, 0, '', '', 13000, 1),
(33, 2, 'INV06112021014328', '2021-11-06 12:43:34', '0000-00-00', '', 0, 0, '', '', 26000, 2),
(34, 2, 'INV06112021015115', '2021-11-06 12:51:19', '0000-00-00', '', 0, 0, '', '', 13000, 2),
(35, 2, 'INV19122021040054', '2021-11-10 02:00:00', '0000-00-00', '', 0, 0, '', '', 43158, 1),
(36, 2, 'INV19122021040221', '2021-11-10 02:00:00', '0000-00-00', '', 0, 0, '', '', 76141, 1),
(37, 2, 'INV19122021040252', '2021-11-10 02:00:00', '0000-00-00', '', 0, 0, '', '', 50686, 1),
(38, 2, 'INV19122021040407', '2021-11-10 02:00:00', '0000-00-00', '', 0, 0, '', '', 36600, 1),
(39, 2, 'INV19122021040413', '2021-11-10 02:00:00', '0000-00-00', '', 0, 0, '', '', 65700, 1),
(40, 2, 'INV19122021040439', '2021-11-10 02:00:00', '0000-00-00', '', 0, 0, '', '', 78000, 1),
(41, 2, 'INV19122021040711', '2021-12-01 02:00:00', '0000-00-00', '', 0, 0, '', '', 50100, 1),
(42, 2, 'INV19122021040711', '2021-12-02 02:00:00', '0000-00-00', '', 0, 0, '', '', 19400, 1),
(43, 2, 'INV19122021040711', '2021-12-03 02:00:00', '0000-00-00', '', 0, 0, '', '', 17800, 1),
(44, 2, 'INV19122021040711', '2021-12-04 02:00:00', '0000-00-00', '', 0, 0, '', '', 12900, 1),
(45, 2, 'INV19122021040711', '2021-12-05 02:00:00', '0000-00-00', '', 0, 0, '', '', 95400, 1),
(46, 2, 'INV19122021040711', '2021-12-06 02:00:00', '0000-00-00', '', 0, 0, '', '', 13600, 1),
(47, 2, 'INV19122021040711', '2021-12-07 02:00:00', '0000-00-00', '', 0, 0, '', '', 15900, 1),
(48, 2, 'INV19122021040711', '2021-12-08 02:00:00', '0000-00-00', '', 0, 0, '', '', 81300, 1),
(49, 2, 'INV19122021040711', '2021-12-09 02:00:00', '0000-00-00', '', 0, 0, '', '', 24700, 1),
(50, 2, 'INV19122021040711', '2021-12-10 02:00:00', '0000-00-00', '', 0, 0, '', '', 39000, 1),
(51, 2, 'INV19122021040711', '2021-12-11 02:00:00', '0000-00-00', '', 0, 0, '', '', 28500, 1),
(52, 2, 'INV19122021040712', '2021-12-12 02:00:00', '0000-00-00', '', 0, 0, '', '', 79600, 1),
(53, 2, 'INV19122021040712', '2021-12-13 02:00:00', '0000-00-00', '', 0, 0, '', '', 70600, 1),
(54, 2, 'INV19122021040712', '2021-12-14 02:00:00', '0000-00-00', '', 0, 0, '', '', 86700, 1),
(55, 2, 'INV19122021040712', '2021-12-15 02:00:00', '0000-00-00', '', 0, 0, '', '', 76600, 1),
(56, 2, 'INV19122021040712', '2021-12-16 02:00:00', '0000-00-00', '', 0, 0, '', '', 20900, 1),
(57, 2, 'INV19122021040712', '2021-12-17 02:00:00', '0000-00-00', '', 0, 0, '', '', 77000, 1),
(58, 2, 'INV19122021040712', '2021-12-18 02:00:00', '0000-00-00', '', 0, 0, '', '', 49300, 1),
(59, 2, 'INV19122021040712', '2021-12-19 02:00:00', '0000-00-00', '', 0, 0, '', '', 37800, 1),
(60, 2, 'INV19122021040754', '2021-12-01 02:00:00', '0000-00-00', '', 0, 0, '', '', 97000, 1),
(61, 2, 'INV19122021040754', '2021-12-02 02:00:00', '0000-00-00', '', 0, 0, '', '', 85900, 1),
(62, 2, 'INV19122021040754', '2021-12-03 02:00:00', '0000-00-00', '', 0, 0, '', '', 19100, 1),
(63, 2, 'INV19122021040754', '2021-12-04 02:00:00', '0000-00-00', '', 0, 0, '', '', 25900, 1),
(64, 2, 'INV19122021040754', '2021-12-05 02:00:00', '0000-00-00', '', 0, 0, '', '', 41200, 1),
(65, 2, 'INV19122021040754', '2021-12-06 02:00:00', '0000-00-00', '', 0, 0, '', '', 38000, 1),
(66, 2, 'INV19122021040754', '2021-12-07 02:00:00', '0000-00-00', '', 0, 0, '', '', 14000, 1),
(67, 2, 'INV19122021040754', '2021-12-08 02:00:00', '0000-00-00', '', 0, 0, '', '', 31900, 1),
(68, 2, 'INV19122021040754', '2021-12-09 02:00:00', '0000-00-00', '', 0, 0, '', '', 88800, 1),
(69, 2, 'INV19122021040754', '2021-12-10 02:00:00', '0000-00-00', '', 0, 0, '', '', 30600, 1),
(70, 2, 'INV19122021040754', '2021-12-11 02:00:00', '0000-00-00', '', 0, 0, '', '', 18100, 1),
(71, 2, 'INV19122021040755', '2021-12-12 02:00:00', '0000-00-00', '', 0, 0, '', '', 59700, 1),
(72, 2, 'INV19122021040755', '2021-12-13 02:00:00', '0000-00-00', '', 0, 0, '', '', 63400, 1),
(73, 2, 'INV19122021040755', '2021-12-14 02:00:00', '0000-00-00', '', 0, 0, '', '', 67300, 1),
(74, 2, 'INV19122021040755', '2021-12-15 02:00:00', '0000-00-00', '', 0, 0, '', '', 47300, 1),
(75, 2, 'INV19122021040755', '2021-12-16 02:00:00', '0000-00-00', '', 0, 0, '', '', 22800, 1),
(76, 2, 'INV19122021040755', '2021-12-17 02:00:00', '0000-00-00', '', 0, 0, '', '', 96600, 1),
(77, 2, 'INV19122021040755', '2021-12-18 02:00:00', '0000-00-00', '', 0, 0, '', '', 24800, 1),
(78, 2, 'INV19122021040755', '2021-12-19 02:00:00', '0000-00-00', '', 0, 0, '', '', 36800, 1),
(79, 2, 'INV19122021040810', '2021-12-01 02:00:00', '0000-00-00', '', 0, 0, '', '', 80600, 1),
(80, 2, 'INV19122021040810', '2021-12-02 02:00:00', '0000-00-00', '', 0, 0, '', '', 57000, 1),
(81, 2, 'INV19122021040810', '2021-12-03 02:00:00', '0000-00-00', '', 0, 0, '', '', 97700, 1),
(82, 2, 'INV19122021040810', '2021-12-04 02:00:00', '0000-00-00', '', 0, 0, '', '', 26000, 1),
(83, 2, 'INV19122021040810', '2021-12-05 02:00:00', '0000-00-00', '', 0, 0, '', '', 51000, 1),
(84, 2, 'INV19122021040810', '2021-12-06 02:00:00', '0000-00-00', '', 0, 0, '', '', 46200, 1),
(85, 2, 'INV19122021040811', '2021-12-07 02:00:00', '0000-00-00', '', 0, 0, '', '', 68400, 1),
(86, 2, 'INV19122021040811', '2021-12-08 02:00:00', '0000-00-00', '', 0, 0, '', '', 72500, 1),
(87, 2, 'INV19122021040811', '2021-12-09 02:00:00', '0000-00-00', '', 0, 0, '', '', 63000, 1),
(88, 2, 'INV19122021040811', '2021-12-10 02:00:00', '0000-00-00', '', 0, 0, '', '', 67900, 1),
(89, 2, 'INV19122021040811', '2021-12-11 02:00:00', '0000-00-00', '', 0, 0, '', '', 39300, 1),
(90, 2, 'INV19122021040811', '2021-12-12 02:00:00', '0000-00-00', '', 0, 0, '', '', 99200, 1),
(91, 2, 'INV19122021040811', '2021-12-13 02:00:00', '0000-00-00', '', 0, 0, '', '', 58500, 1),
(92, 2, 'INV19122021040811', '2021-12-14 02:00:00', '0000-00-00', '', 0, 0, '', '', 67000, 1),
(93, 2, 'INV19122021040811', '2021-12-15 02:00:00', '0000-00-00', '', 0, 0, '', '', 69100, 1),
(94, 2, 'INV19122021040811', '2021-12-16 02:00:00', '0000-00-00', '', 0, 0, '', '', 53300, 1),
(95, 2, 'INV19122021040811', '2021-12-17 02:00:00', '0000-00-00', '', 0, 0, '', '', 25500, 1),
(96, 2, 'INV19122021040811', '2021-12-18 02:00:00', '0000-00-00', '', 0, 0, '', '', 23500, 1),
(97, 2, 'INV19122021040812', '2021-12-19 02:00:00', '0000-00-00', '', 0, 0, '', '', 11600, 1);

-- --------------------------------------------------------

--
-- Table structure for table `kategori`
--

CREATE TABLE `kategori` (
  `id` int(11) NOT NULL,
  `nama` varchar(255) NOT NULL,
  `is_delete` int(1) NOT NULL DEFAULT 0
) ENGINE=InnoDB DEFAULT CHARSET=utf8mb4;

--
-- Dumping data for table `kategori`
--

INSERT INTO `kategori` (`id`, `nama`, `is_delete`) VALUES
(1, 'Kue Basah', 0),
(2, 'Kue Kering', 0);

-- --------------------------------------------------------

--
-- Table structure for table `kue`
--

CREATE TABLE `kue` (
  `id` int(11) NOT NULL,
  `id_kategori` int(11) NOT NULL,
  `nama` varchar(255) NOT NULL,
  `harga_beli` int(11) NOT NULL,
  `harga_jual` int(11) NOT NULL,
  `durasi_kue_segar` int(11) NOT NULL DEFAULT 1,
  `durasi_kue_diskon` int(11) NOT NULL DEFAULT 1,
  `diskon_kue_lama` int(11) NOT NULL DEFAULT 20,
  `is_delete` int(1) NOT NULL DEFAULT 0,
  `url` text NOT NULL
) ENGINE=InnoDB DEFAULT CHARSET=utf8mb4;

--
-- Dumping data for table `kue`
--

INSERT INTO `kue` (`id`, `id_kategori`, `nama`, `harga_beli`, `harga_jual`, `durasi_kue_segar`, `durasi_kue_diskon`, `diskon_kue_lama`, `is_delete`, `url`) VALUES
(1, 2, 'Kue Lemper', 2500, 5000, 2, 3, 25, 0, 'uploads/kue/20212110204738.jpg'),
(2, 1, 'Pukis', 2500, 5000, 1, 1, 20, 0, 'uploads/kue/20212110205026.jpg'),
(3, 1, 'Bolu Pisang', 3000, 6500, 1, 1, 20, 0, 'uploads/kue/20212110205036.jpg'),
(4, 1, 'Dadar Gulung', 2500, 3500, 1, 1, 20, 0, 'uploads/kue/20212110205044.jpg'),
(5, 1, 'Onde-Onde', 2500, 5000, 1, 1, 20, 0, 'uploads/kue/20212110205057.jpg'),
(6, 1, 'Kue Lumpur', 3500, 4500, 1, 1, 20, 0, 'uploads/kue/20212110205103.jpg'),
(7, 2, 'Nastar', 15000, 28500, 1, 1, 20, 0, 'uploads/kue/20212110205110.jpg'),
(8, 2, 'Putri Salju', 15000, 20000, 1, 1, 20, 0, 'uploads/kue/20212110205116.jpg'),
(9, 2, 'Kue Semprit', 15000, 35000, 1, 1, 20, 0, 'uploads/kue/20212110205124.jpg'),
(10, 2, 'Lidah Kucing', 10000, 20000, 1, 1, 20, 0, 'uploads/kue/20212110205131.jpg'),
(11, 2, 'Kue Sagu', 8000, 15000, 1, 1, 20, 0, 'uploads/kue/20212110205944.jpg');

-- --------------------------------------------------------

--
-- Table structure for table `outlet`
--

CREATE TABLE `outlet` (
  `id` int(11) NOT NULL,
  `nama_outlet` varchar(255) NOT NULL,
  `alamat` varchar(255) NOT NULL,
  `telp` varchar(12) NOT NULL,
  `is_delete` int(1) NOT NULL DEFAULT 0
) ENGINE=InnoDB DEFAULT CHARSET=utf8mb4;

--
-- Dumping data for table `outlet`
--

INSERT INTO `outlet` (`id`, `nama_outlet`, `alamat`, `telp`, `is_delete`) VALUES
(1, 'ACOME CAKE', 'jl kalimantan 23', '081234332156', 0),
(2, 'Outlet Dua', 'Jl Outlet dua', '08123456314', 0),
(3, 'Outlet Dua', 'a', '628123392448', 0),
(4, 'test', 'test', '2212345', 1);

-- --------------------------------------------------------

--
-- Table structure for table `request_stok`
--

CREATE TABLE `request_stok` (
  `id` int(11) NOT NULL,
  `id_kue` int(11) NOT NULL,
  `qty` int(11) NOT NULL,
  `status` int(11) NOT NULL,
  `tanggal_produksi` date DEFAULT current_timestamp(),
  `tanggal_kue_diskon` date NOT NULL DEFAULT current_timestamp(),
  `tanggal_kue_rusak` date NOT NULL DEFAULT current_timestamp()
) ENGINE=InnoDB DEFAULT CHARSET=utf8mb4;

--
-- Dumping data for table `request_stok`
--

INSERT INTO `request_stok` (`id`, `id_kue`, `qty`, `status`, `tanggal_produksi`, `tanggal_kue_diskon`, `tanggal_kue_rusak`) VALUES
(2, 3, 5, 1, '2021-10-19', '2021-10-20', '2021-10-21'),
(3, 1, 5, 0, '2021-10-21', '2021-10-22', '2021-10-23'),
(4, 1, 4, 1, '2021-10-21', '2021-10-22', '2021-10-23'),
(5, 3, 15, 1, '2021-10-21', '2021-10-22', '2021-10-23'),
(6, 2, 3, 1, '2021-10-21', '2021-10-22', '2021-10-23'),
(7, 2, 5, 1, '2021-10-21', '2021-10-22', '2021-10-23'),
(8, 3, 0, 1, '2021-11-06', '2021-11-06', '2021-11-06'),
(9, 3, 9, 1, '2021-11-06', '2021-11-06', '2021-11-06'),
(10, 3, 15, 1, '2021-12-18', '2021-12-18', '2021-12-18'),
(11, 7, 25, 1, '2021-12-18', '2021-12-18', '2021-12-18'),
(12, 11, 25, 1, '2021-12-18', '2021-12-18', '2021-12-18');

-- --------------------------------------------------------

--
-- Table structure for table `setting`
--

CREATE TABLE `setting` (
  `id` int(11) NOT NULL,
  `nama` varchar(255) NOT NULL,
  `value` varchar(255) NOT NULL
) ENGINE=InnoDB DEFAULT CHARSET=utf8mb4;

--
-- Dumping data for table `setting`
--

INSERT INTO `setting` (`id`, `nama`, `value`) VALUES
(4, 'FEE_SHIPMENT_PER_KM', '2500');

-- --------------------------------------------------------

--
-- Table structure for table `user`
--

CREATE TABLE `user` (
  `id` int(11) NOT NULL,
  `username` varchar(255) NOT NULL,
  `password` varchar(255) NOT NULL,
  `role` int(11) NOT NULL,
  `name` varchar(255) NOT NULL,
  `is_delete` int(1) NOT NULL DEFAULT 0
) ENGINE=InnoDB DEFAULT CHARSET=utf8mb4;

--
-- Dumping data for table `user`
--

INSERT INTO `user` (`id`, `username`, `password`, `role`, `name`, `is_delete`) VALUES
(1, 'admin', '21232f297a57a5a743894a0e4a801fc3', 1, 'admin', 0),
(2, 'kasir', 'c7911af3adbd12a035b289556d96470a', 2, 'kasir', 0),
(3, 'koki', 'c38be0f1f87d0e77a0cd2fe6941253eb', 3, 'koki', 0),
(4, 'kasir2', '8c86013d8ba23d9b5ade4d6463f81c45', 2, 'Kasir 2', 0);

--
-- Indexes for dumped tables
--

--
-- Indexes for table `d_book_order`
--
ALTER TABLE `d_book_order`
  ADD PRIMARY KEY (`id`),
  ADD KEY `id_header` (`id_header`),
  ADD KEY `id_kue` (`id_kue`);

--
-- Indexes for table `d_invoice`
--
ALTER TABLE `d_invoice`
  ADD PRIMARY KEY (`id`),
  ADD KEY `id_header` (`id_header`);

--
-- Indexes for table `h_book_order`
--
ALTER TABLE `h_book_order`
  ADD PRIMARY KEY (`id`),
  ADD KEY `id_outlet` (`id_outlet`);

--
-- Indexes for table `h_invoice`
--
ALTER TABLE `h_invoice`
  ADD PRIMARY KEY (`id`);

--
-- Indexes for table `kategori`
--
ALTER TABLE `kategori`
  ADD PRIMARY KEY (`id`);

--
-- Indexes for table `kue`
--
ALTER TABLE `kue`
  ADD PRIMARY KEY (`id`),
  ADD KEY `kue_ibfk_1` (`id_kategori`);

--
-- Indexes for table `outlet`
--
ALTER TABLE `outlet`
  ADD PRIMARY KEY (`id`);

--
-- Indexes for table `request_stok`
--
ALTER TABLE `request_stok`
  ADD PRIMARY KEY (`id`);

--
-- Indexes for table `setting`
--
ALTER TABLE `setting`
  ADD PRIMARY KEY (`id`);

--
-- Indexes for table `user`
--
ALTER TABLE `user`
  ADD PRIMARY KEY (`id`);

--
-- AUTO_INCREMENT for dumped tables
--

--
-- AUTO_INCREMENT for table `d_book_order`
--
ALTER TABLE `d_book_order`
  MODIFY `id` int(11) NOT NULL AUTO_INCREMENT, AUTO_INCREMENT=7;

--
-- AUTO_INCREMENT for table `d_invoice`
--
ALTER TABLE `d_invoice`
  MODIFY `id` int(11) NOT NULL AUTO_INCREMENT, AUTO_INCREMENT=50;

--
-- AUTO_INCREMENT for table `h_book_order`
--
ALTER TABLE `h_book_order`
  MODIFY `id` int(11) NOT NULL AUTO_INCREMENT, AUTO_INCREMENT=9;

--
-- AUTO_INCREMENT for table `h_invoice`
--
ALTER TABLE `h_invoice`
  MODIFY `id` int(11) NOT NULL AUTO_INCREMENT, AUTO_INCREMENT=98;

--
-- AUTO_INCREMENT for table `kategori`
--
ALTER TABLE `kategori`
  MODIFY `id` int(11) NOT NULL AUTO_INCREMENT, AUTO_INCREMENT=3;

--
-- AUTO_INCREMENT for table `kue`
--
ALTER TABLE `kue`
  MODIFY `id` int(11) NOT NULL AUTO_INCREMENT, AUTO_INCREMENT=12;

--
-- AUTO_INCREMENT for table `outlet`
--
ALTER TABLE `outlet`
  MODIFY `id` int(11) NOT NULL AUTO_INCREMENT, AUTO_INCREMENT=5;

--
-- AUTO_INCREMENT for table `request_stok`
--
ALTER TABLE `request_stok`
  MODIFY `id` int(11) NOT NULL AUTO_INCREMENT, AUTO_INCREMENT=13;

--
-- AUTO_INCREMENT for table `setting`
--
ALTER TABLE `setting`
  MODIFY `id` int(11) NOT NULL AUTO_INCREMENT, AUTO_INCREMENT=5;

--
-- AUTO_INCREMENT for table `user`
--
ALTER TABLE `user`
  MODIFY `id` int(11) NOT NULL AUTO_INCREMENT, AUTO_INCREMENT=5;

--
-- Constraints for dumped tables
--

--
-- Constraints for table `d_book_order`
--
ALTER TABLE `d_book_order`
  ADD CONSTRAINT `d_book_order_ibfk_1` FOREIGN KEY (`id_header`) REFERENCES `h_book_order` (`id`) ON DELETE CASCADE ON UPDATE CASCADE,
  ADD CONSTRAINT `d_book_order_ibfk_2` FOREIGN KEY (`id_kue`) REFERENCES `kue` (`id`) ON DELETE CASCADE ON UPDATE CASCADE;

--
-- Constraints for table `d_invoice`
--
ALTER TABLE `d_invoice`
  ADD CONSTRAINT `d_invoice_ibfk_1` FOREIGN KEY (`id_header`) REFERENCES `h_invoice` (`id`) ON DELETE CASCADE;

--
-- Constraints for table `h_book_order`
--
ALTER TABLE `h_book_order`
  ADD CONSTRAINT `h_book_order_ibfk_1` FOREIGN KEY (`id_outlet`) REFERENCES `outlet` (`id`) ON DELETE CASCADE ON UPDATE CASCADE;

--
-- Constraints for table `kue`
--
ALTER TABLE `kue`
  ADD CONSTRAINT `kue_ibfk_1` FOREIGN KEY (`id_kategori`) REFERENCES `kategori` (`id`) ON DELETE CASCADE;
COMMIT;

/*!40101 SET CHARACTER_SET_CLIENT=@OLD_CHARACTER_SET_CLIENT */;
/*!40101 SET CHARACTER_SET_RESULTS=@OLD_CHARACTER_SET_RESULTS */;
/*!40101 SET COLLATION_CONNECTION=@OLD_COLLATION_CONNECTION */;
